,smp,ref,cos,ref_lp,lp,ref_lev,lv,ecul,refe
0,non-reactive(0.01),non-reac,"[0.51, 0.71, 0.51]",non-reac,"[4.24, 3.46, 4.36]",non-reac,"[14, 10, 14]",cosine,non-reac
1,non-reactive(0.02),non-reac,"[0.51, 0.71, 0.51]",non-reac,"[4.24, 3.46, 4.36]",non-reac,"[14, 10, 14]",cosine,non-reac
2,non-reactive(0.03),non-reac,"[0.51, 0.71, 0.51]",non-reac,"[4.24, 3.46, 4.36]",non-reac,"[14, 10, 14]",cosine,non-reac
3,non-reactive(0.05),non-reac,"[0.51, 0.71, 0.51]",non-reac,"[4.24, 3.46, 4.36]",non-reac,"[14, 10, 14]",cosine,non-reac
4,non-reactive(0.04),non-reac,"[0.51, 0.71, 0.51]",non-reac,"[4.24, 3.46, 4.36]",non-reac,"[14, 10, 14]",cosine,non-reac
5,non-reactive(0.06),non-reac,"[0.51, 0.71, 0.51]",non-reac,"[4.24, 3.46, 4.36]",non-reac,"[14, 10, 14]",cosine,non-reac
6,non-reactive(0.07),non-reac,"[0.51, 0.71, 0.51]",non-reac,"[4.24, 3.46, 4.36]",non-reac,"[14, 10, 14]",cosine,non-reac
7,non-reactive(0.08),non-reac,"[0.51, 0.71, 0.51]",non-reac,"[4.24, 3.46, 4.36]",non-reac,"[14, 10, 14]",cosine,non-reac
8,non-reactive(0.09),non-reac,"[0.51, 0.71, 0.51]",non-reac,"[4.24, 3.46, 4.36]",non-reac,"[14, 10, 14]",cosine,non-reac
9,non-reactive(0.11),non-reac,"[0.51, 0.71, 0.51]",non-reac,"[4.24, 3.46, 4.36]",non-reac,"[14, 10, 14]",cosine,non-reac
10,non-reactive(0.12),non-reac,"[0.53, 0.74, 0.53]",non-reac,"[4.0, 3.16, 4.12]",non-reac,"[14, 10, 14]",cosine,non-reac
11,non-reactive(0.13),non-reac,"[0.53, 0.74, 0.53]",non-reac,"[4.0, 3.16, 4.12]",non-reac,"[14, 10, 14]",cosine,non-reac
12,non-reactive(0.14),non-reac,"[0.53, 0.74, 0.53]",non-reac,"[4.0, 3.16, 4.12]",non-reac,"[14, 10, 14]",cosine,non-reac
13,non-reactive(0.15),non-reac,"[0.53, 0.74, 0.53]",non-reac,"[4.0, 3.16, 4.12]",non-reac,"[14, 10, 14]",cosine,non-reac
14,non-reactive(0.16),non-reac,"[0.53, 0.74, 0.53]",non-reac,"[4.0, 3.16, 4.12]",non-reac,"[14, 10, 14]",cosine,non-reac
15,non-reactive(0.10),non-reac,"[0.51, 0.71, 0.51]",non-reac,"[4.24, 3.46, 4.36]",non-reac,"[14, 10, 14]",cosine,non-reac
16,non-reactive(0.17),non-reac,"[0.53, 0.74, 0.53]",non-reac,"[4.0, 3.16, 4.12]",non-reac,"[14, 10, 14]",cosine,non-reac
17,non-reactive(0.18),non-reac,"[0.53, 0.74, 0.53]",non-reac,"[4.0, 3.16, 4.12]",non-reac,"[14, 10, 14]",cosine,non-reac
18,non-reactive(0.19),non-reac,"[0.53, 0.74, 0.53]",non-reac,"[4.0, 3.16, 4.12]",non-reac,"[14, 10, 14]",cosine,non-reac
19,non-reactive(0.21),non-reac,"[0.53, 0.74, 0.53]",non-reac,"[4.0, 3.16, 4.12]",non-reac,"[14, 10, 14]",cosine,non-reac
20,non-reactive(0.22),non-reac,"[0.51, 0.71, 0.51]",non-reac,"[4.24, 3.46, 4.36]",non-reac,"[14, 10, 14]",cosine,non-reac
21,non-reactive(0.23),non-reac,"[0.53, 0.74, 0.53]",non-reac,"[4.0, 3.16, 4.12]",non-reac,"[14, 10, 14]",cosine,non-reac
22,non-reactive(0.20),non-reac,"[0.51, 0.71, 0.51]",non-reac,"[4.24, 3.46, 4.36]",non-reac,"[14, 10, 14]",cosine,non-reac
23,non-reactive(0.24),non-reac,"[0.53, 0.74, 0.53]",non-reac,"[4.0, 3.16, 4.12]",non-reac,"[14, 10, 14]",cosine,non-reac
24,non-reactive(0.25),non-reac,"[0.53, 0.74, 0.53]",non-reac,"[4.0, 3.16, 4.12]",non-reac,"[14, 10, 14]",cosine,non-reac
25,non-reactive(0.27),non-reac,"[0.53, 0.74, 0.53]",non-reac,"[4.0, 3.16, 4.12]",non-reac,"[14, 10, 14]",cosine,non-reac
26,non-reactive(0.26),non-reac,"[0.53, 0.74, 0.53]",non-reac,"[4.0, 3.16, 4.12]",non-reac,"[14, 10, 14]",cosine,non-reac
27,non-reactive(0.28),non-reac,"[0.53, 0.74, 0.53]",non-reac,"[4.0, 3.16, 4.12]",non-reac,"[14, 10, 14]",cosine,non-reac
28,non-reactive(0.29),non-reac,"[0.53, 0.74, 0.53]",non-reac,"[4.0, 3.16, 4.12]",non-reac,"[14, 10, 14]",cosine,non-reac
29,non-reactive(0.31),non-reac,"[0.53, 0.74, 0.53]",non-reac,"[4.0, 3.16, 4.12]",non-reac,"[14, 10, 14]",cosine,non-reac
30,non-reactive(0.32),non-reac,"[0.53, 0.74, 0.53]",non-reac,"[4.0, 3.16, 4.12]",non-reac,"[14, 10, 14]",cosine,non-reac
31,non-reactive(0.30),non-reac,"[0.51, 0.71, 0.51]",non-reac,"[4.24, 3.46, 4.36]",non-reac,"[14, 10, 14]",cosine,non-reac
32,non-reactive(0.34),non-reac,"[0.53, 0.74, 0.53]",non-reac,"[4.0, 3.16, 4.12]",non-reac,"[14, 10, 14]",cosine,non-reac
33,non-reactive(0.33),non-reac,"[0.51, 0.71, 0.51]",non-reac,"[4.24, 3.46, 4.36]",non-reac,"[14, 10, 14]",cosine,non-reac
34,non-reactive(0.35),non-reac,"[0.53, 0.74, 0.53]",non-reac,"[4.0, 3.16, 4.12]",non-reac,"[14, 10, 14]",cosine,non-reac
35,non-reactive(0.36),non-reac,"[0.53, 0.74, 0.53]",non-reac,"[4.0, 3.16, 4.12]",non-reac,"[14, 10, 14]",cosine,non-reac
36,non-reactive(0.39),non-reac,"[0.53, 0.74, 0.53]",non-reac,"[4.0, 3.16, 4.12]",non-reac,"[14, 10, 14]",cosine,non-reac
37,non-reactive(0.37),non-reac,"[0.53, 0.74, 0.53]",non-reac,"[4.0, 3.16, 4.12]",non-reac,"[14, 10, 14]",cosine,non-reac
38,non-reactive(0.38),non-reac,"[0.53, 0.74, 0.53]",non-reac,"[4.0, 3.16, 4.12]",non-reac,"[14, 10, 14]",cosine,non-reac
39,non-reactive(0.1),non-reac,"[0.55, 0.76, 0.54]",non-reac,"[3.87, 3.0, 4.0]",non-reac,"[13, 9, 13]",cosine,non-reac
40,non-reactive(0.41),non-reac,"[0.53, 0.74, 0.53]",non-reac,"[4.0, 3.16, 4.12]",non-reac,"[14, 10, 14]",cosine,non-reac
41,non-reactive(0.43),non-reac,"[0.53, 0.74, 0.53]",non-reac,"[4.0, 3.16, 4.12]",non-reac,"[14, 10, 14]",cosine,non-reac
42,non-reactive(0.40),non-reac,"[0.51, 0.71, 0.51]",non-reac,"[4.24, 3.46, 4.36]",non-reac,"[14, 10, 14]",cosine,non-reac
43,non-reactive(0.42),non-reac,"[0.53, 0.74, 0.53]",non-reac,"[4.0, 3.16, 4.12]",non-reac,"[14, 10, 14]",cosine,non-reac
44,non-reactive(0.44),non-reac,"[0.51, 0.71, 0.51]",non-reac,"[4.24, 3.46, 4.36]",non-reac,"[14, 10, 14]",cosine,non-reac
45,non-reactive(0.00),non-reac,"[0.47, 0.66, 0.47]",non-reac,"[4.69, 4.0, 4.8]",non-reac,"[14, 10, 14]",cosine,non-reac
46,non-reactive(0.45),non-reac,"[0.53, 0.74, 0.53]",non-reac,"[4.0, 3.16, 4.12]",non-reac,"[14, 10, 14]",cosine,non-reac
47,non-reactive(0.46),non-reac,"[0.53, 0.74, 0.53]",non-reac,"[4.0, 3.16, 4.12]",non-reac,"[14, 10, 14]",cosine,non-reac
48,non-reactive(0.47),non-reac,"[0.53, 0.74, 0.53]",non-reac,"[4.0, 3.16, 4.12]",non-reac,"[14, 10, 14]",cosine,non-reac
49,non-reactive(0.49),non-reac,"[0.53, 0.74, 0.53]",non-reac,"[4.0, 3.16, 4.12]",non-reac,"[14, 10, 14]",cosine,non-reac
50,non-reactive(0.48),non-reac,"[0.53, 0.74, 0.53]",non-reac,"[4.0, 3.16, 4.12]",non-reac,"[14, 10, 14]",cosine,non-reac
51,non-reactive(0.50),non-reac,"[0.51, 0.71, 0.51]",non-reac,"[4.24, 3.46, 4.36]",non-reac,"[14, 10, 14]",cosine,non-reac
52,non-reactive(0.51),non-reac,"[0.53, 0.74, 0.53]",non-reac,"[4.0, 3.16, 4.12]",non-reac,"[14, 10, 14]",cosine,non-reac
53,non-reactive(0.52),non-reac,"[0.53, 0.74, 0.53]",non-reac,"[4.0, 3.16, 4.12]",non-reac,"[14, 10, 14]",cosine,non-reac
54,non-reactive(0.2),non-reac,"[0.55, 0.76, 0.54]",non-reac,"[3.87, 3.0, 4.0]",non-reac,"[13, 9, 13]",cosine,non-reac
55,non-reactive(0.53),non-reac,"[0.53, 0.74, 0.53]",non-reac,"[4.0, 3.16, 4.12]",non-reac,"[14, 10, 14]",cosine,non-reac
56,non-reactive(0.55),non-reac,"[0.51, 0.71, 0.51]",non-reac,"[4.24, 3.46, 4.36]",non-reac,"[14, 10, 14]",cosine,non-reac
57,non-reactive(0.54),non-reac,"[0.53, 0.74, 0.53]",non-reac,"[4.0, 3.16, 4.12]",non-reac,"[14, 10, 14]",cosine,non-reac
58,non-reactive(0.58),non-reac,"[0.53, 0.74, 0.53]",non-reac,"[4.0, 3.16, 4.12]",non-reac,"[14, 10, 14]",cosine,non-reac
59,non-reactive(0.57),non-reac,"[0.53, 0.74, 0.53]",non-reac,"[4.0, 3.16, 4.12]",non-reac,"[14, 10, 14]",cosine,non-reac
60,non-reactive(0.56),non-reac,"[0.53, 0.74, 0.53]",non-reac,"[4.0, 3.16, 4.12]",non-reac,"[14, 10, 14]",cosine,non-reac
61,non-reactive(0.59),non-reac,"[0.53, 0.74, 0.53]",non-reac,"[4.0, 3.16, 4.12]",non-reac,"[14, 10, 14]",cosine,non-reac
62,non-reactive(0.63),non-reac,"[0.53, 0.74, 0.53]",non-reac,"[4.0, 3.16, 4.12]",non-reac,"[14, 10, 14]",cosine,non-reac
63,non-reactive(0.62),non-reac,"[0.53, 0.74, 0.53]",non-reac,"[4.0, 3.16, 4.12]",non-reac,"[14, 10, 14]",cosine,non-reac
64,non-reactive(0.61),non-reac,"[0.53, 0.74, 0.53]",non-reac,"[4.0, 3.16, 4.12]",non-reac,"[14, 10, 14]",cosine,non-reac
65,non-reactive(0.60),non-reac,"[0.51, 0.71, 0.51]",non-reac,"[4.24, 3.46, 4.36]",non-reac,"[14, 10, 14]",cosine,non-reac
66,non-reactive(0.64),non-reac,"[0.53, 0.74, 0.53]",non-reac,"[4.0, 3.16, 4.12]",non-reac,"[14, 10, 14]",cosine,non-reac
67,non-reactive(0.65),non-reac,"[0.53, 0.74, 0.53]",non-reac,"[4.0, 3.16, 4.12]",non-reac,"[14, 10, 14]",cosine,non-reac
68,non-reactive(0.69),non-reac,"[0.53, 0.74, 0.53]",non-reac,"[4.0, 3.16, 4.12]",non-reac,"[14, 10, 14]",cosine,non-reac
69,non-reactive(0.66),non-reac,"[0.51, 0.71, 0.51]",non-reac,"[4.24, 3.46, 4.36]",non-reac,"[14, 10, 14]",cosine,non-reac
70,non-reactive(0.67),non-reac,"[0.53, 0.74, 0.53]",non-reac,"[4.0, 3.16, 4.12]",non-reac,"[14, 10, 14]",cosine,non-reac
71,non-reactive(0.3),non-reac,"[0.55, 0.76, 0.54]",non-reac,"[3.87, 3.0, 4.0]",non-reac,"[13, 9, 13]",cosine,non-reac
72,non-reactive(0.68),non-reac,"[0.53, 0.74, 0.53]",non-reac,"[4.0, 3.16, 4.12]",non-reac,"[14, 10, 14]",cosine,non-reac
73,non-reactive(0.71),non-reac,"[0.53, 0.74, 0.53]",non-reac,"[4.0, 3.16, 4.12]",non-reac,"[14, 10, 14]",cosine,non-reac
74,non-reactive(0.72),non-reac,"[0.53, 0.74, 0.53]",non-reac,"[4.0, 3.16, 4.12]",non-reac,"[14, 10, 14]",cosine,non-reac
75,non-reactive(0.78),non-reac,"[0.53, 0.74, 0.53]",non-reac,"[4.0, 3.16, 4.12]",non-reac,"[14, 10, 14]",cosine,non-reac
76,non-reactive(0.77),non-reac,"[0.51, 0.71, 0.51]",non-reac,"[4.24, 3.46, 4.36]",non-reac,"[14, 10, 14]",cosine,non-reac
77,non-reactive(0.76),non-reac,"[0.53, 0.74, 0.53]",non-reac,"[4.0, 3.16, 4.12]",non-reac,"[14, 10, 14]",cosine,non-reac
78,non-reactive(0.75),non-reac,"[0.53, 0.74, 0.53]",non-reac,"[4.0, 3.16, 4.12]",non-reac,"[14, 10, 14]",cosine,non-reac
79,non-reactive(0.74),non-reac,"[0.53, 0.74, 0.53]",non-reac,"[4.0, 3.16, 4.12]",non-reac,"[14, 10, 14]",cosine,non-reac
80,non-reactive(0.73),non-reac,"[0.53, 0.74, 0.53]",non-reac,"[4.0, 3.16, 4.12]",non-reac,"[14, 10, 14]",cosine,non-reac
81,non-reactive(0.70),non-reac,"[0.51, 0.71, 0.51]",non-reac,"[4.24, 3.46, 4.36]",non-reac,"[14, 10, 14]",cosine,non-reac
82,non-reactive(0.5),non-reac,"[0.55, 0.76, 0.54]",non-reac,"[3.87, 3.0, 4.0]",non-reac,"[13, 9, 13]",cosine,non-reac
83,non-reactive(0.4),non-reac,"[0.55, 0.76, 0.54]",non-reac,"[3.87, 3.0, 4.0]",non-reac,"[13, 9, 13]",cosine,non-reac
84,non-reactive(0.79),non-reac,"[0.53, 0.74, 0.53]",non-reac,"[4.0, 3.16, 4.12]",non-reac,"[14, 10, 14]",cosine,non-reac
85,non-reactive(0.80),non-reac,"[0.51, 0.71, 0.51]",non-reac,"[4.24, 3.46, 4.36]",non-reac,"[14, 10, 14]",cosine,non-reac
86,non-reactive(0.81),non-reac,"[0.53, 0.74, 0.53]",non-reac,"[4.0, 3.16, 4.12]",non-reac,"[14, 10, 14]",cosine,non-reac
87,non-reactive(0.82),non-reac,"[0.53, 0.74, 0.53]",non-reac,"[4.0, 3.16, 4.12]",non-reac,"[14, 10, 14]",cosine,non-reac
88,non-reactive(0.83),non-reac,"[0.53, 0.74, 0.53]",non-reac,"[4.0, 3.16, 4.12]",non-reac,"[14, 10, 14]",cosine,non-reac
89,non-reactive(0.84),non-reac,"[0.53, 0.74, 0.53]",non-reac,"[4.0, 3.16, 4.12]",non-reac,"[14, 10, 14]",cosine,non-reac
90,non-reactive(0.95),non-reac,"[0.53, 0.74, 0.53]",non-reac,"[4.0, 3.16, 4.12]",non-reac,"[14, 10, 14]",cosine,non-reac
91,non-reactive(0.85),non-reac,"[0.53, 0.74, 0.53]",non-reac,"[4.0, 3.16, 4.12]",non-reac,"[14, 10, 14]",cosine,non-reac
92,non-reactive(0.86),non-reac,"[0.53, 0.74, 0.53]",non-reac,"[4.0, 3.16, 4.12]",non-reac,"[14, 10, 14]",cosine,non-reac
93,non-reactive(0.87),non-reac,"[0.53, 0.74, 0.53]",non-reac,"[4.0, 3.16, 4.12]",non-reac,"[14, 10, 14]",cosine,non-reac
94,non-reactive(0.88),non-reac,"[0.51, 0.71, 0.51]",non-reac,"[4.24, 3.46, 4.36]",non-reac,"[14, 10, 14]",cosine,non-reac
95,non-reactive(0.89),non-reac,"[0.53, 0.74, 0.53]",non-reac,"[4.0, 3.16, 4.12]",non-reac,"[14, 10, 14]",cosine,non-reac
96,non-reactive(0.90),non-reac,"[0.51, 0.71, 0.51]",non-reac,"[4.24, 3.46, 4.36]",non-reac,"[14, 10, 14]",cosine,non-reac
97,non-reactive(0.91),non-reac,"[0.53, 0.74, 0.53]",non-reac,"[4.0, 3.16, 4.12]",non-reac,"[14, 10, 14]",cosine,non-reac
98,non-reactive(0.6),non-reac,"[0.55, 0.76, 0.54]",non-reac,"[3.87, 3.0, 4.0]",non-reac,"[13, 9, 13]",cosine,non-reac
99,non-reactive(0.99),non-reac,"[0.51, 0.71, 0.51]",non-reac,"[4.24, 3.46, 4.36]",non-reac,"[14, 10, 14]",cosine,non-reac
100,non-reactive(0.98),non-reac,"[0.53, 0.74, 0.53]",non-reac,"[4.0, 3.16, 4.12]",non-reac,"[14, 10, 14]",cosine,non-reac
101,non-reactive(0.97),non-reac,"[0.53, 0.74, 0.53]",non-reac,"[4.0, 3.16, 4.12]",non-reac,"[14, 10, 14]",cosine,non-reac
102,non-reactive(0.96),non-reac,"[0.53, 0.74, 0.53]",non-reac,"[4.0, 3.16, 4.12]",non-reac,"[14, 10, 14]",cosine,non-reac
103,non-reactive(0.94),non-reac,"[0.53, 0.74, 0.53]",non-reac,"[4.0, 3.16, 4.12]",non-reac,"[14, 10, 14]",cosine,non-reac
104,non-reactive(0.93),non-reac,"[0.53, 0.74, 0.53]",non-reac,"[4.0, 3.16, 4.12]",non-reac,"[14, 10, 14]",cosine,non-reac
105,non-reactive(0.92),non-reac,"[0.53, 0.74, 0.53]",non-reac,"[4.0, 3.16, 4.12]",non-reac,"[14, 10, 14]",cosine,non-reac
106,non-react,non-reac,"[0.6, 0.95, 0.59]",non-reac,"[2.65, 1.0, 3.16]",non-reac,"[5, 1, 5]",cosine,non-reac
107,non-reactive,non-reac,"[0.62, 0.87, 0.62]",non-reac,"[3.16, 2.0, 3.32]",non-reac,"[8, 4, 8]",cosine,non-reac
108,w-react,weak-reac,"[0.76, 0.6, 0.84]",reac,"[1.73, 2.65, 2.0]",reac,"[3, 4, 4]",cosine,weak-reac
109,reactive,reac,"[0.79, 0.5, 0.7]",reac,"[2.0, 3.16, 2.65]",reac,"[4, 8, 7]",cosine,reac
110,weakly-reactive,weak-reac,"[0.73, 0.53, 0.87]",weak-reac,"[3.61, 4.12, 2.45]",weak-reac,"[11, 10, 6]",cosine,weak-reac
111,w-reactive,weak-reac,"[0.72, 0.55, 0.8]",weak-reac,"[2.45, 3.16, 2.24]",reac,"[6, 7, 7]",cosine,weak-reac
112,non-rea(c),non-reac,"[0.58, 0.91, 0.56]",non-reac,"[2.83, 1.41, 3.32]",non-reac,"[6, 2, 6]",cosine,non-reac
113,negative,weak-reac,"[0.47, 0.5, 0.53]",reac,"[2.83, 3.16, 3.32]",reac,"[6, 7, 7]",cosine,weak-reac
114,non-reactive(1.0),non-reac,"[0.55, 0.76, 0.54]",non-reac,"[3.87, 3.0, 4.0]",non-reac,"[13, 9, 13]",cosine,non-reac
115,non-reactive(0.7),non-reac,"[0.55, 0.76, 0.54]",non-reac,"[3.87, 3.0, 4.0]",non-reac,"[13, 9, 13]",cosine,non-reac
116,non-reactive(0.8),non-reac,"[0.55, 0.76, 0.54]",non-reac,"[3.87, 3.0, 4.0]",non-reac,"[13, 9, 13]",cosine,non-reac
117,non-reactive(1.1),non-reac,"[0.52, 0.73, 0.52]",non-reac,"[4.12, 3.32, 4.24]",non-reac,"[13, 9, 13]",cosine,non-reac
118,non-reactive(0.9),non-reac,"[0.55, 0.76, 0.54]",non-reac,"[3.87, 3.0, 4.0]",non-reac,"[13, 9, 13]",cosine,non-reac
119,non-reactive(1.4),non-reac,"[0.55, 0.76, 0.54]",non-reac,"[3.87, 3.0, 4.0]",non-reac,"[13, 9, 13]",cosine,non-reac
120,non-reactive(1.2),non-reac,"[0.55, 0.76, 0.54]",non-reac,"[3.87, 3.0, 4.0]",non-reac,"[13, 9, 13]",cosine,non-reac
121,non-reactive(1.3),non-reac,"[0.55, 0.76, 0.54]",non-reac,"[3.87, 3.0, 4.0]",non-reac,"[13, 9, 13]",cosine,non-reac
122,non-reactive(1.5),non-reac,"[0.55, 0.76, 0.54]",non-reac,"[3.87, 3.0, 4.0]",non-reac,"[13, 9, 13]",cosine,non-reac
123,non-reactive(1.6),non-reac,"[0.55, 0.76, 0.54]",non-reac,"[3.87, 3.0, 4.0]",non-reac,"[13, 9, 13]",cosine,non-reac
124,non-reactive(1.7),non-reac,"[0.55, 0.76, 0.54]",non-reac,"[3.87, 3.0, 4.0]",non-reac,"[13, 9, 13]",cosine,non-reac
125,non-reactive(1.9),non-reac,"[0.55, 0.76, 0.54]",non-reac,"[3.87, 3.0, 4.0]",non-reac,"[13, 9, 13]",cosine,non-reac
126,non-reactive(1.8),non-reac,"[0.55, 0.76, 0.54]",non-reac,"[3.87, 3.0, 4.0]",non-reac,"[13, 9, 13]",cosine,non-reac
127,non-reactive(2.2),non-reac,"[0.52, 0.73, 0.52]",non-reac,"[4.12, 3.32, 4.24]",non-reac,"[13, 9, 13]",cosine,non-reac
128,non-reactive(2.0),non-reac,"[0.55, 0.76, 0.54]",non-reac,"[3.87, 3.0, 4.0]",non-reac,"[13, 9, 13]",cosine,non-reac
129,non-reactive(0.0),non-reac,"[0.52, 0.73, 0.52]",non-reac,"[4.12, 3.32, 4.24]",non-reac,"[13, 9, 13]",cosine,non-reac
130,non-reactive(2.1),non-reac,"[0.55, 0.76, 0.54]",non-reac,"[3.87, 3.0, 4.0]",non-reac,"[13, 9, 13]",cosine,non-reac
131,non-reactive(2.4),non-reac,"[0.55, 0.76, 0.54]",non-reac,"[3.87, 3.0, 4.0]",non-reac,"[13, 9, 13]",cosine,non-reac
132,non-reactive(2.3),non-reac,"[0.55, 0.76, 0.54]",non-reac,"[3.87, 3.0, 4.0]",non-reac,"[13, 9, 13]",cosine,non-reac
133,non-reactive(2.5),non-reac,"[0.55, 0.76, 0.54]",non-reac,"[3.87, 3.0, 4.0]",non-reac,"[13, 9, 13]",cosine,non-reac
134,non-reactive(2.6),non-reac,"[0.55, 0.76, 0.54]",non-reac,"[3.87, 3.0, 4.0]",non-reac,"[13, 9, 13]",cosine,non-reac
135,non-reactive(2.7),non-reac,"[0.55, 0.76, 0.54]",non-reac,"[3.87, 3.0, 4.0]",non-reac,"[13, 9, 13]",cosine,non-reac
136,non-reactive(2.8),non-reac,"[0.55, 0.76, 0.54]",non-reac,"[3.87, 3.0, 4.0]",non-reac,"[13, 9, 13]",cosine,non-reac
137,non-reactive(3.4),non-reac,"[0.55, 0.76, 0.54]",non-reac,"[3.87, 3.0, 4.0]",non-reac,"[13, 9, 13]",cosine,non-reac
138,non-reactive(3.0),non-reac,"[0.55, 0.76, 0.54]",non-reac,"[3.87, 3.0, 4.0]",non-reac,"[13, 9, 13]",cosine,non-reac
139,non-reactive(3.1),non-reac,"[0.55, 0.76, 0.54]",non-reac,"[3.87, 3.0, 4.0]",non-reac,"[13, 9, 13]",cosine,non-reac
140,non-reactive(3.2),non-reac,"[0.55, 0.76, 0.54]",non-reac,"[3.87, 3.0, 4.0]",non-reac,"[13, 9, 13]",cosine,non-reac
141,non-reactive(2.9),non-reac,"[0.55, 0.76, 0.54]",non-reac,"[3.87, 3.0, 4.0]",non-reac,"[13, 9, 13]",cosine,non-reac
142,non-reactive(3.3),non-reac,"[0.52, 0.73, 0.52]",non-reac,"[4.12, 3.32, 4.24]",non-reac,"[13, 9, 13]",cosine,non-reac
143,non-reactive(3.5),non-reac,"[0.55, 0.76, 0.54]",non-reac,"[3.87, 3.0, 4.0]",non-reac,"[13, 9, 13]",cosine,non-reac
144,non-reactive(3.6),non-reac,"[0.55, 0.76, 0.54]",non-reac,"[3.87, 3.0, 4.0]",non-reac,"[13, 9, 13]",cosine,non-reac
145,non-reactive(3.8),non-reac,"[0.55, 0.76, 0.54]",non-reac,"[3.87, 3.0, 4.0]",non-reac,"[13, 9, 13]",cosine,non-reac
146,non-reactive(3.9),non-reac,"[0.55, 0.76, 0.54]",non-reac,"[3.87, 3.0, 4.0]",non-reac,"[13, 9, 13]",cosine,non-reac
147,non-reactive(9.5),non-reac,"[0.55, 0.76, 0.54]",non-reac,"[3.87, 3.0, 4.0]",non-reac,"[13, 9, 13]",cosine,non-reac
148,non-reactive(5.5),non-reac,"[0.52, 0.73, 0.52]",non-reac,"[4.12, 3.32, 4.24]",non-reac,"[13, 9, 13]",cosine,non-reac
149,non-reactive(5.0),non-reac,"[0.55, 0.76, 0.54]",non-reac,"[3.87, 3.0, 4.0]",non-reac,"[13, 9, 13]",cosine,non-reac
150,non-reactive(3.7),non-reac,"[0.55, 0.76, 0.54]",non-reac,"[3.87, 3.0, 4.0]",non-reac,"[13, 9, 13]",cosine,non-reac
151,non-reactive(4.0),non-reac,"[0.55, 0.76, 0.54]",non-reac,"[3.87, 3.0, 4.0]",non-reac,"[13, 9, 13]",cosine,non-reac
152,non-reactive(4.1),non-reac,"[0.55, 0.76, 0.54]",non-reac,"[3.87, 3.0, 4.0]",non-reac,"[13, 9, 13]",cosine,non-reac
153,non-reactive(4.2),non-reac,"[0.55, 0.76, 0.54]",non-reac,"[3.87, 3.0, 4.0]",non-reac,"[13, 9, 13]",cosine,non-reac
154,non-reactive(4.4),non-reac,"[0.52, 0.73, 0.52]",non-reac,"[4.12, 3.32, 4.24]",non-reac,"[13, 9, 13]",cosine,non-reac
155,non-reactive(4.5),non-reac,"[0.55, 0.76, 0.54]",non-reac,"[3.87, 3.0, 4.0]",non-reac,"[13, 9, 13]",cosine,non-reac
156,non-reactive(4.6),non-reac,"[0.55, 0.76, 0.54]",non-reac,"[3.87, 3.0, 4.0]",non-reac,"[13, 9, 13]",cosine,non-reac
157,non-reactive(4.3),non-reac,"[0.55, 0.76, 0.54]",non-reac,"[3.87, 3.0, 4.0]",non-reac,"[13, 9, 13]",cosine,non-reac
158,non-reactive(4.7),non-reac,"[0.55, 0.76, 0.54]",non-reac,"[3.87, 3.0, 4.0]",non-reac,"[13, 9, 13]",cosine,non-reac
159,non-reactive(6.2),non-reac,"[0.55, 0.76, 0.54]",non-reac,"[3.87, 3.0, 4.0]",non-reac,"[13, 9, 13]",cosine,non-reac
160,non-reactive(6.0),non-reac,"[0.55, 0.76, 0.54]",non-reac,"[3.87, 3.0, 4.0]",non-reac,"[13, 9, 13]",cosine,non-reac
161,non-reactive(4.8),non-reac,"[0.55, 0.76, 0.54]",non-reac,"[3.87, 3.0, 4.0]",non-reac,"[13, 9, 13]",cosine,non-reac
162,non-reactive(5.8),non-reac,"[0.55, 0.76, 0.54]",non-reac,"[3.87, 3.0, 4.0]",non-reac,"[13, 9, 13]",cosine,non-reac
163,non-reactive(5.7),non-reac,"[0.55, 0.76, 0.54]",non-reac,"[3.87, 3.0, 4.0]",non-reac,"[13, 9, 13]",cosine,non-reac
164,non-reactive(5.6),non-reac,"[0.55, 0.76, 0.54]",non-reac,"[3.87, 3.0, 4.0]",non-reac,"[13, 9, 13]",cosine,non-reac
165,non-reactive(5.4),non-reac,"[0.55, 0.76, 0.54]",non-reac,"[3.87, 3.0, 4.0]",non-reac,"[13, 9, 13]",cosine,non-reac
166,non-reactive(5.3),non-reac,"[0.55, 0.76, 0.54]",non-reac,"[3.87, 3.0, 4.0]",non-reac,"[13, 9, 13]",cosine,non-reac
167,non-reactive(5.2),non-reac,"[0.55, 0.76, 0.54]",non-reac,"[3.87, 3.0, 4.0]",non-reac,"[13, 9, 13]",cosine,non-reac
168,non-reactive(5.1),non-reac,"[0.55, 0.76, 0.54]",non-reac,"[3.87, 3.0, 4.0]",non-reac,"[13, 9, 13]",cosine,non-reac
169,non-reactive(4.9),non-reac,"[0.55, 0.76, 0.54]",non-reac,"[3.87, 3.0, 4.0]",non-reac,"[13, 9, 13]",cosine,non-reac
170,w-rea(1:1),weak-reac,"[0.43, 0.37, 0.56]",reac,"[3.16, 3.74, 3.32]",reac,"[7, 8, 8]",cosine,weak-reac
171,react(1:1),reac,"[0.58, 0.37, 0.48]",reac,"[2.83, 3.74, 3.61]",reac,"[6, 10, 8]",cosine,reac
172,non-reactive(csf),non-reac,"[0.63, 0.79, 0.58]",non-reac,"[3.87, 3.0, 4.0]",non-reac,"[13, 9, 13]",cosine,non-reac
173,weakly-reactive(1:1),weak-reac,"[0.64, 0.46, 0.76]",weak-reac,"[4.47, 4.9, 3.61]",weak-reac,"[16, 15, 11]",cosine,weak-reac
174,react(1:2),reac,"[0.63, 0.4, 0.53]",reac,"[2.45, 3.46, 3.32]",reac,"[6, 10, 8]",cosine,reac
